{"cameraMode":{"drawMode":0,"name":"Shaded","section":"Shading Mode"},"sceneLighting":false,"audioPlay":false,"sceneViewState":{"m_AlwaysRefresh":false,"showFog":false,"showSkybox":false,"showFlares":false,"showImageEffects":false,"showParticleSystems":false,"showVisualEffectGraphs":true,"m_FxEnabled":true},"in2DMode":false,"pivot":{"x":-2.384185791015625e-7,"y":0.8887109756469727,"z":-0.004410207271575928},"rotation":{"x":0.05235029011964798,"y":-0.9445765614509583,"z":0.18626508116722108,"w":0.26538318395614626},"size":1.3717647790908814,"orthographic":false}